Title,cleaned_text,Bias
"Mia Love, 1st Black Republican woman elected to Congress, dies of cancer at 49",mia love first black republican woman elect congress die sunday home utah age love famili announc death sunday night social media say home surround famili die grate heart fill overflow profound influenc mia live want know pass away peac today love famili said statement share x facebook statement cite caus death love daughter,Lean Left
"DOJ says it will appeal Abrego Garcia ruling, releases documents tying him to gang",depart justic file notic wednesday appeal order feder judg requir govern facilit return wrongli deport kilmar abrego garcia el salvador day releas two document previous use allegedli tie crimin gang ms two form govern present evid gang field interview sheet princ georg counti polic depart maryland addit form depart homeland secur base abrego garcia,Lean Left
Trump's Attack on the Courts Channels the Worst of Theodore Roosevelt,theodor roosevelt hate idea unelect judg stop alli progress movement wield govern power saw fit roosevelt advoc strip court independ subject judg judici decis recal popular vote judg decid constitut question roosevelt argu peopl right recal decis think wrong must made much easier get rid mere bad,Center
Trump says US will deal 'directly' with Iran in high-level meeting on Saturday,presid donald trump monday said us engag directli iran highlevel meet set occur come saturday big meet saturday deal directli trump told report oval offic sit next isra prime minist benjamin netanyahu announc meet first known time us directli engag iran sinc previou trump administr withdrew joint comprehens plan action jcpoa,Right
Francis: Pope from Latin America who changed Catholic Church,ascens papaci herald mani first franci first pope america southern hemispher sinc syrianborn gregori iii die noneuropean bishop rome also first jesuit elect throne st peter jesuit histor look suspicion rome predecessor benedict xvi first pope retir voluntarili almost year almost decad vatican garden host two pope,Center
US Senate underway with exhaustive budget and tax debate,us senat friday set start marathon session aim eventu hand republican presid donald trump sweep legisl extend tax cut achiev budget reduct face staunch democrat opposit late thursday senat narrowli vote open debat budget blueprint fiscal year begin octob vote need unlock fasttrack procedur polevault costli tax cut blockad democrat normal could erect opposit legisl,Center
The great awakening,sunday morn januari someth pack chapel insid templ ohabei shalom histor synagogu main thoroughfar quiet residenti neighborhood near boston stainedglass window stage light cast kaleidoscop color across dimli lit space congreg part grace citi nondenomin church began meet synagogu last fall outgrow previou meet spot cowork space downtown church start peopl covid attend surg servic open,Center
"Germany leads defiance to Trump car tariffs, saying it 'will not give in'",germani said give europ must respond firmli us presid donald trump target import car car part tax latest tariff major world economi vow retali franc brand move bad news canada call direct attack china accus washington violat intern trade rule earli thursday share frankfurt porsch merced bmw fell sharpli alongsid french firm stellanti maker jeep peugeot fiat trump,Center
China exempts some goods from US tariffs to limit trade war pain,china exempt us import tariff ask firm identifi critic good need levyfre accord busi notifi clearest sign yet beij concern trade war econom fallout dispens follow deescalatori statement washington signal world two largest economi prepar rein conflict frozen much trade rais fear global recess beij exempt busi group hope would extend dozen industri push,Center
Dealmaker Don v. Tariff Man Trump,donald trump grew learn make deal he also love tariff sinc marketshak tariff bargain chip perman go way back trump childhood tri figur dealmak tariff man trump charg,Lean Left
New Mexico Supreme Court bans judge after alleged TdA member arrested at home,former new mexico judg resign last month alleg tren de aragua member arrest home never serv bench state tuesday suprem court new mexico order joel cano never hold judici offic candid judici offic exercis judici author state includ offici wed accord spokesman administr offic court aoc told fox news digit court schedul,Right
Ukraine says mineral deal not final; summary shows US demands more income,term miner deal ukrain us yet finalis ukrainian offici said friday summari washington latest offer suggest demand ukrain natur resourc incom year latest us propos would requir kyiv send washington profit fund control ukrainian resourc ukrain repaid american wartim aid plu interest accord summari review reuter ukrainian deputi prime minist yulia svyrydenko told lawmak kyiv would issu posit new,Center
China is not backing down from Trump's tariff war. What next?,trade war world two biggest economi show sign slow beij vow fight end hour us presid donald trump threaten nearli doubl tariff china could leav chines import face stagger tax sharp escal two side smartphon comput lithiumion batteri toy video game consol make bulk chines export us mani thing screw boiler deadlin loom,Center
US bans government personnel in China from romantic or sexual relations with Chinese citizens,us govern ban american govern personnel china well famili member contractor secur clearanc romant sexual relationship chines citizen associ press learn four peopl direct knowledg matter told ap polici put effect depart us ambassador nichola burn januari shortli left china peopl would speak condit anonym discuss detail confidenti new direct,Left
Supreme Court hears Louisiana racial gerrymandering claim,suprem court monday hear unusu case civil right group tent allianc republican offici defend louisiana congression map includ two major black district first time decad justic took appeal brought state effort draw map su left right whether appropri consid race,Lean Left
Markets jump after Trump softens rhetoric on China and Fed chair,us stock open higher wednesday presid donald trump signal softer stanc toward eyewat tariff set china also state would make immedi chang leadership feder reserv investor also cheer elon musk immin return fulltim focu tesla dial back controversi stint trump white hous advis one two day week sp climb much earlymorn trade techfocus nasdaq surg dow jone,Lean Left
"Details of US-Russia talks on Ukraine won't be published, Kremlin says",detail talk us russia took place saudi arabia monday made public kremlin spokesperson dmitri peskov said technic talk peskov said quot russia staterun tass news agenc discuss ad went detail certainli content talk made public sure someth expect,Lean Left
Greenland strengthens Danish ties as it eyes independence,greenland strengthen tie denmark becom sovereign nation arctic island incom prime minist told reuter monday note semiautonom danish territori ultim want becom independ jensfrederik nielsen sworn prime minist greenland friday lead fourparti coalit govern amid challeng pose us presid donald trump ambit control island,Center
Trump administration is pointing spy satellites at US border,trump administr direct two intellig agenc train satellit surveil capabl usmexico border region part sweep crackdown illeg immigr drug cartel nation geospatialintellig agenc nga nation reconnaiss offic nro part depart defens overse spi satellit analyz imageri pentagon intellig organ,Center
Four journalists who were accused of working for Kremlin foe Navalny are convicted of extremism,russian court tuesday convict four journalist extrem work anticorrupt group found late opposit leader alexei navalni sentenc year prison antonina favorskaya kostantin gabov sergey karelin artyom kriger found guilti involv group label extremist four maintain innoc argu prosecut job journalist,Left
"DOGE cuts $51M from US African Development Foundation, including $229K to market shea butter",depart govern effici doge announc million cut us african develop foundat includ hundr thousand dollar market shea butter pineappl juic well mango dri facil doge made announc x highlight sever initi money put toward instanc use market organ shea butter burkina faso spent mango dri facil ivori coast spent market pineappl juic benin,Right
Allentown City Hall employee charged with planting noose at own desk,allentown citi hall employe charg plant noos desk januari accord polic latarsha brown charg tamper fabric physic evid fals report law enforc allentown chief polic charl roca said monday today even surpris learn like fabric employe allentown mayor matt tuerk democrat said allentown mayor believ incid help bring convers inclus forefront citi hall,Lean Left
California Proposal to Tax Social Media Gathers Momentum,california lawmak move forward legisl could see tax appli largest social media platform world bill would place tax gross receipt social media compani earn digit advertis target california user pass first vote state legislatur newsweek contact author bill democrat assemblymemb josh lowenth inform legisl via email propos one ambiti statelevel effort impos fiscal account social media platform lawmak,Center
"Trump hints end of tariff spat with China may be in sight, says TikTok deal must wait",presid donald trump hint thursday even potenti end sight backandforth tariff hike us china well possibl deal horizon fate tiktok speak report white hous trump said offici believ repres chines leader xi jinp sought start talk,Lean Right
Exclusive: Musk's SpaceX is frontrunner to build Trump's Golden Dome missile shield,elon musk spacex two partner emerg frontrunn win crucial part presid donald trump golden dome missil defens shield six peopl familiar matter said musk rocket satellit compani partner softwar maker palantir pltro open new tab drone builder anduril bid build key part golden dome sourc said drawn signific interest technolog sector burgeon base defens startup januari execut order trump cite missil attack catastroph,Center
Key safety hotlines disrupted by HHS cuts,team man govern hotlin report advers event food supplement cosmet call center provid essenti safeti inform among thousand health human servic depart employe laid last week big pictur though depart hurriedli call worker back episod show inform blackout becom featur trump administr effort reorgan health bureaucraci,Lean Left
Senate Confirms Investment Banker John Phelan as Navy Secretary,navi new civilian leader hefti busi resum militari experi senat vote monday even approv john phelan servic secretari senat vote confirm phelan navi secretari make civilian head navi marin corp put charg health wellb million sailor marin reservist civilian personnel annual budget billion,Lean Left
Tariffs may mean more US steel jobs. Will there be workers to fill them?,thoma reising commut almost hourandahalf way job cavern steel process plant dont speed said dryli reuter tariff watch newslett daili guid latest global trade tariff news sign cowork come much farther includ one spend workweek live camper return home weekend corner eastern arkansa dot rv park cater worker america need mani like achiev presid,Center
India Warned of 'Act of War' By Pakistan As Relations Collapse,pakistan warn india thursday commit act war suspend landmark watershar treati respons deadli terror attack indiancontrol kashmir threat pakistan prime minist offic follow number diplomat measur impos new dehli islamabad tension flare neighbor nuclear power thursday india ministri extern affair strongli advis citizen avoid travel pakistan alreadi leav earliest pakistani nation india also visa revok,Center
Senate confirms Trump’s nominee to run NIH,senat tuesday confirm health research jay bhattacharya next leader nation institut health nih bhattacharya confirm parti line vote bhattacharya becam celebr among mani american covid pandem critic mask order school closur measur meant mitig spread viru,Center
DHS told her to leave the country. She's a citizen — and an immigration attorney,massachusett resid nicol micheroni receiv email friday feder govern tell leav countri baffl first thought client look realli close name email mine said micheroni said parol statu termin leav countri within seven day yearold us citizen born newton rais sharon probabl hope sent error said,Lean Left
"Oz moves closer to confirmation as Medicare, Medicaid chie",mehmet oz step closer confirm next head center medicar medicaid servic senat financ committe tuesday advanc nomin vote along parti line democrat slam oz commit stop potenti gop cut medicaid well previou support medicar advantag plan privat medicar,Center
Public libraries win: state lawmakers backpedal on funding cuts in budget bill,ohio lawmak revers propos cut public librari fund promis increas fund next year public librari fund remain fund amount determin lawmak fix percentag state revenu librarian across ohio lobbi protect state fund local librari state lawmak tuesday revers cours propos cut public librari fund promis everi librari see increas money next year,Lean Left
Divided Supreme Court sides with Trump to block teacher grants,divid suprem court side trump administr allow offici block million teacher develop grant frozen concern promot divers equiti inclus dei practic emerg rule lift lower order forc educ depart resum grant eight democraticl state su,Center
Istanbul mayor arrested ahead of selection to run against Erdogan,main rival turkey presid recep tayyip erdogan formal arrest charg corrupt ekrem imamoglu mayor turkish citi istanbul expect select opposit republican peopl parti chp presidenti candid ballot sunday,Center
"GOP Rep: Adversaries are ""laughing at us"" over NSA firings",rep bacon rneb slam decis fire gen timothi haugh nation secur agenc director head us cyber command without explan heartbreak sunday big pictur haugh along civilian deputi wendi nobl fire thursday day sever member presid trump embattl nation secur council oust fire follow conspiraci theorist laura loomer oval offic visit press trump fire specif nsc staffer axio previous report,Lean Left
Seattle city councilmember introduces resolution to acknowledge 'failure' of defund the police movement,seattl councilmemb rob saka introduc resolut complet cut tie commit defund polic murder unarm minneapoli resid georg floyd slogan movement defund polic swept countri yet wake report rise crime multipl citi across countri politician even democrat parti stronghold sought distanc idea,Center
Trump Cabinet Member Robbed at DC Restaurant,depart homeland secur dh secretari kristi noem reportedli rob eat dinner washington dc sunday even cnn report noem acknowledg rob noem ask theft white hous easter egg roll acknowledg incid said matter resolv secret servic provid secur noem review secur camera footag restaur saw unknown white male wear medic mask steal bag leav restaur law enforc sourc said,Right
When the Supreme Court Spoke With One Voice,extraordinari perhap temporari rebuk trump administr suprem court issu order around saturday forbid govern deport group venezuelan nation alien enemi act rule presum seventotwo vote signal genuin furi failur trump offici abid law even point direct judg includ suprem court feder judiciari forc confront fundament question,Left
"Hearing set for Kilmar Abrego Garcia, deported 'in error' to El Salvador prison",friday hear set kilmar abrego garcia maryland father mistakenli deport trump administr supermax prison el salvador abrego garcia lawyer simon sandovalmoshenberg said despit mistak govern effort made return abrego garcia unit state,Center
Wisconsin court election poses key test for Musk as kingmaker,five month sinc voter wisconsin face bitterli fought elect resid us state alreadi head back poll time elon musk loom larg race fill vacanc wisconsin suprem court even billionair name doesnt appear ballot expens judici contest us histori spent far includ musk group affili choic conserv brad schimel back,Center
Five cards China holds in a trade war with the US,trade war world two biggest economi full swing chines export us face tariff beij hit back levi american import consum busi market brace uncertainti fear global recess heighten chines presid xi jinp govern repeatedli said open dialogu warn necessari would fight end here look beij arsen counter us,Center
Oklahoma Educators Target 'Atheists' in New Lawsuit Over Religious Freedom,oklahoma superintend ryan walter state depart educ su freedom religion foundat ffrf claim organ conduct blatant attack religi freedom christian oklahoma student wont stand idli atheist tri eras faith walter said statement reach comment spokesperson walter refer newsweek comment made earlier week press releas social media post,Center
"Trump admin guts AmeriCorps, Clinton-era volunteer agency that failed 8 consecutive audits",trump administr place roughli fulltim americorp employe administr leav wednesday administr look rebuild clintonera volunt agenc scratch fox news digit learn,Right
NSA Director and Deputy Reportedly Dismissed: What We Know,nation secur agenc nsa director timothi haugh civilian deputi wendi nobl dismiss posit thursday accord multipl outlet newsweek reach nsa via onlin form earli friday morn comment fire come heel sever offici white hous nation secur council nsc fire thursday presid donald trump met conserv farright activist laura loomer highlevel shakeup also arriv administr face bipartisan heat follow nation secur advis mike waltz trump brass hold convers,Center
"A Palestinian student arrested at US citizenship interview will stay in detention for now, ahead of a hearing next week",palestinian student columbia univers arrest interview us citizenship remain detain vermont judg order attorney depart justic provid addit brief paper court attorney mohsen mahdawi depart justic present oral argument hear us district judg geoffrey crawford wednesday larg crowd support gather outsid court burlington vermont,Lean Left
Federal judge sides with Trump on immigration enforcement in houses of worship,feder judg friday april side trump administr allow immigr agent conduct enforc oper hous worship despit lawsuit file religi group new polici us district judg dabney friedrich washington refus grant preliminari injunct plaintiff two dozen christian jewish group repres million american found hand immigr enforc action conduct around church hous worship evid doesnt,Right
What Rights Do Immigrants Have?,sinc take offic trump administr implement rapid signific chang unit state immigr polici taken much expans view target arrest deport law govern immigr interpret,Left
Trump speaks to Netanyahu on Gaza hostage deal and Iran,presid trump spoke tuesday isra prime minist benjamin netanyahu discuss gaza ceasefir hostag deal nuclear talk iran accord isra us offici matter phone call took place amid stalem gaza negoti anoth fail attempt last week us egypt put forward bridg propos side could accept,Lean Left
Letitia James Hits Donald Trump With New Lawsuit,new york attorney gener letitia jame lead coalit democrat state attorney gener su trump administr stop cut access billion fund address longterm effect covid pandem k student newsweek contact white hous depart educ comment via email sent outsid regular busi hour,Center
"US Base Commander Goes Rogue, Separates Base from Civilian Control of Military Under Trump",rememb space forc punch bag liber coast coast wait see mani paean brave men women militari branch establish first donald trump administr left launch next week militari command branch effect tri take space forc base hand second trump administr accord militari outlet star stripe col susan meyer reliev command st space base group pituffik,Right
Trump's tariffs will make things so damn expensive for everyone,presid donald trump nonsens liber day tariff amount largest tax hike american sinc end cost everi american household thousand dollar effort solv global trade deficit expert say problem first place multipl studi releas week show costli trump tariff american,Left
"U.S. says ""further progress was made"" in third round of nuclear talks with Iran",us iran conclud saturday third round nuclear talk agre meet may said omani foreign minist badr albusaidi mediat parti matter talk muscat saturday first time parti dive technic detail possibl nuclear deal especi limit us want impos iran nuclear program sanction iran want us lift talk muscat posit product still much,Lean Left
Development of nuclear bomb 24 times more powerful than Hiroshima's is 'significantly ahead of schedule',develop nuclear bomb would time power one drop hiroshima japan world war ii significantli ahead schedul accord us nation secur offici,Right
"Trump, Zelenskyy meet privately ahead of pope's funeral",presid donald trump ukrainian presid volodymyr zelenskyy met privat st peter basilica saturday attend funer pope franci french presid emmanuel macron also spoke trump zelenskyy sat talk accord video post white hous deputi chief staff dan scavino white hous commun director steven cheung told press pool travel trump two men product session detail meet follow said,Lean Left
World Athletics federation announces mandatory gender testing for female athletes: 'Absolutely the way to go',govern bodi said cheek dri blood test would like type test use world athlet announc begin mandatori gender test femal athlet order protect integr women sport organ formerli known intern associ athlet feder reveal press confer comprehens review readi move forward gender test order ensur femal athlet event inde femal,Right
Ex-NIH director and truck driver explore how to bridge divisions deepened by the pandemic,american sharpli divid public health respons covid includ mask remot learn busi closur vaccin five year start pandem judi woodruff sat two peopl oppos side divid tri figur move forward part seri america crossroad geoff bennett american sharpli divid public health respons covid thing like mask remot learn busi closur later vaccin five year start pandem judi woodruff recent sat two peopl oppos side divid tri figur move forward part seri america crossroad dr franci collin former director nation institut health honest first convers thought never go work,Lean Left
What Is Democratic Legality?,sinc left wage verit war american legal system varieti way one serial target democrat left suprem court senat minor leader chuck schumer dni spoke angri throng proabort protestor assembl door court chamber threaten two justic kavanaugh gorsuch name schumer yell volatil crowd justic view would make reap whirlwind two would know,Right
House Dems demand 'proof of life' of Abrego Garcia after being denied meeting in El Salvador,hous democrat travel el salvador seek releas kilmar abrego garcia written secretari state marco rubio demand daili proof life deni meet salvadoran nation deport maryland,Right
"Home Sales Rose 4.2% in February, Beating Expectations",sale exist home rose februari reflect increas shop activ number home sale sinc start year us existinghom sale rose februari prior month season adjust annual rate million nation associ realtor said thursday far better expect economist survey wall street journal estim monthli decreas,Center
What to know about the 50501 movement against Trump admin policies,protest particip anoth grassroot widespread action trump administr saturday matter movement take momentum recent protest encourag american becom other social support web administr polici target margin commun,Lean Left
Pennsylvania governor's mansion attack suspect Cody Balmer admitted 'harboring hatred' toward Shapiro: police,man allegedli set fire mansion gov josh shapiro dpenn famili turn accord crimin complaint obtain fox news codi balmer harrisburg first identifi polic exlov allegedli confess want call polic turn complaint said short time later balmer turn outsid pennsylvania state polic headquart polic said interview trooper balmer admit harbor hatr toward governor shapiro balmer,Right
"Colleges and Universities Have Received Nearly $60 Billion in Foreign Gifts and Contracts, Watchdog Finds",american colleg univers receiv close billion foreign gift contract decadeslong span accord new watchdog report american public trust rightlean dark money watchdog found nearli billion foreign money gone hundr colleg univers elit school rake third money rais concern nation secur lack complianc disclosur law,Lean Right
"Haiti's gang crisis reaching 'point of no return,' warns U.N. envoy",gang violenc haiti continu deterior countri secur crisi reach point return accord unit nation top envoy caribbean nation maria isabel salvador special repres un secretarygener haiti issu warn monday secur council brief new york citi,Center
"First confirmed case of measles in Washington, D.C. investigated by health officials",confirm case measl washington dc investig health offici contagi person visit sever locat district dc depart health warn public potenti exposur press releas share late tuesday morn tennesse report first measl case amid us outbreak accord releas follow place district list time may expos measl highli contagi viru spread air infect person cough,Right
US will 'move on' from Ukraine peace talks if no progress soon,us abandon tri broker russiaukrain peac deal within day unless clear sign truce reach us secretari state marco rubio warn go continu endeavour week month end rubio said ad us prioriti focu russia launch fullscal invas ukrain place number condit potenti ceasefir despit trump administr initi confid could secur deal quickli,Center
"Bad Signal: An Ugly Mistake, and No One Will Be Held Accountable",menu today highest level administr display jawdrop casual disregard law regard handl classifi inform offici refus hold standard held predecessor respons indic deeproot cultur irrespons excusemak blameshift frighten thing could written sentenc past three four administr,Lean Right
NYC Mayor Eric Adams' corruption case dismissed; charges can't be refiled,feder judg wednesday dismiss corrupt case new york citi mayor eric adam although without string attach sought justic depart us district judg dale ho dismiss case prejudic mean charg refil later date justic depart request dismiss without prejudic could left democrat mayor beholden presid donald trump administr consid adam alli immigr crackdown,Lean Left
Colossal Biosciences Resurrects Long-Extinct Dire Wolf,dire wolv went extinct around year ago end last ice age weigh around pound twice size today gray wolv dire wolv roam north south america prey ancient hors camel sloth bison coloss bioscienc privat compani aim bring back extinct woolli mammoth announc today produc three dire wolf pup use genet edit clone research compani extract sequenc genom dire wolv yearold tooth ohio yearold,Center
Former US Attorney Jessica Aber found dead in Virginia at 43,former us attorney eastern district virginia jessica aber found dead saturday morn alexandria virginia accord polic polic alexandria virginia call home beverli drive suburb washington dc around saturday report unrespons woman accord polic statement found aber dead insid former us attorney jessica aber held posit octob januari justic depart,Lean Left
Lawn Gone Liberty,final spring better mow lawn dont town govern may fine thousand dollar day wors cant pay fine may confisc home six year ago dunedin florida jim ficken let grass grow mom die hed left town take care estat ask friend cut grass friend die,Lean Right
Trump Store Now Selling 'Trump 2028' Hats,offici trump store sell red trump hat amid repeat suggest presid donald trump alli could run third term newsweek reach trump organ thursday afternoon comment presid said recent week joke pursu third term,Center
Taliban Releases American it Abducted in 2022,taliban releas georg glezmann american airlin mechan atlanta abduct two year ago afghanistan deal broker us qatari negoti state depart said thursday morn glezmann travel tourist afghanistan seiz taliban intellig servic decemb design us wrong detain,Center
Dozens of Tourists Killed in Terror Attack During JD Vance Visit to India,least two dozen peopl fear kill gunmen indiscrimin fire tourist indiancontrol kashmir tuesday local author call terror attack blame milit fight indian rule attack much larger anyth weve seen direct civilian recent year omar abdullah region top elect offici wrote social media death toll still ascertain dont want get detail,Center
NATO Ally's 'Invisible' Weapon Takes Down Drone Swarms for First Time,british soldier success trial new radio frequenc direct energi weapon rfdew design take incom attack involv larg number drone uk govern said matter world watch rapid pace drone develop quickli came defin war ukrain chang modern militari would fight war go forward drone technolog matur counterdron system techniqu design knock uncrew aerial vehicl uav sky,Center
CA gas prices lead nation at $5 per gallon as national average plummets,averag california ga price remain near per gallon despit nation ga price plummet amid fall oil price lead mani californian wonder gasolin expens unit state,Lean Right
Union sues to block Trump from ending collective bargaining for many federal workers,union repres us govern employe file lawsuit monday seek block presid donald trump strip hundr thousand feder worker abil collect bargain govern agenc union nation treasuri employe union said lawsuit file washington dc feder court trump execut order open new tab last week exempt dozen agenc collect bargain oblig violat feder worker labor right us constitut threaten union exist,Center
Why doesn’t Harvard’s academic freedom extend to conservatives?,trump administr gone war elit univers even claim latest missiv sent mistak approach mani polici area shoot first ask question later power seem grow barrel tweet punit action favour due process principl might achiev result short term win battl idea definit requir consist philosoph stanc said difficult shed tear institut like harvard openli,Center
Stellantis says it will temporarily lay off 900 US workers following tariff announcement,stellanti nv stlammi open new tab said thursday temporarili lay worker five us facil presid donald trump tariff announc temporarili paus product assembl plant mexico one canada maker ram truck jeep said us plant affect powertrain stamp facil provid part two factori mexico canada idl stellanti share new york trade midday thursday line broad declin,Center
Who could be the next pope? Some possible candidates,predict next pope peril old italian say warn put faith money presum frontrunn ahead conclav closeddoor gather cardin pick pontiff caution enter conclav pope leav cardin cardin talk papabili succeed pope franci whose death age announc vatican monday list alphabet order,Center
"Fauci’s Wife, An NIH Bioethicist Who Never Probed Ethics Of Wuhan Research, Fired",christin gradi top bioethicist nation institut health wife former top nih offici anthoni fauci among health bureaucrat receiv layoff notic tuesday accord news report gradi given boot part postpandem restructur depart health human servic hh accord new york time stat news hh secretari robert f kennedi jr top aid said layoff aim consolid administr function overhaul fail statu quo,Right
Tourist helicopter that crashed into the Hudson did not have a flight recorder: NTSB,helicopt eighth flight day offici said tourist helicopt crash hudson flight record ntsb ntsb team survey wreckag recov bell l helicopt crash hudson river april near jersey citi new jersey ntsb team survey wreckag recov bell l helicopt crash hudson river april near jersey citi new jersey ntsb team survey wreckag recov bell l helicopt crash,Lean Left
Finland is again ranked the happiest country in the world. The US falls to its lowest-ever position,finland happiest countri world eighth year row accord world happi report publish thursday nordic countri also top happi rank annual report publish wellb research centr univers oxford besid finland denmark iceland sweden remain top four order,Left
Top former college athlete among six dead in New York plane crash,privat plane carri six peopl crash open field upstat new york saturday kill board author say among board celebr former massachusett institut technolog mit footbal player karenna groff parent brother accord famili statement us nation transport safeti board ntsb said famili travel holiday celebr crash happen,Center
Young People Are Now Overwhelmingly Republican,young american support republican parti greater number new poll found highlight larg divid among peopl age accord new yale youth poll survey affili yale institut social polit studi voter age lean republican point ask would support congression elect voter age favor democrat point,Center
"House passes SAVE Act, requiring proof of U.S. citizenship for voter registration",hous repres pass safeguard american voter elig save act thursday would requir documentari proof us citizenship regist vote feder elect final vote one democrat absent due medic issu four democrat vote republican support bill four republican didnt vote,Lean Right
Democrats Question Social Security Administration Changes in Misleading Terms,abrupt chang staf procedur social secur administr coupl fals mislead claim widespread fraud prompt heat critic democrat statement leav wrong impress benefit cut expert share concern disorderli action trump administr could caus administr error disrupt propos chang benefit mandat law democrat cite sever concern action taken trump administr regard social secur administr late februari,Lean Left
"US revokes all South Sudan visas, bars future issuance until deportees accepted",secretari state marco rubio saturday announc us revok visa held south sudanes passport holder other issu effect immedi rubio attribut chang failur south sudan transit govern accept return repatri citizen time manner accord statement post x,Right
"Teen charged with killing parents also planned to assassinate Trump, FBI says",yearold wisconsin teen charg kill parent also accus plot assassin presid donald trump accord unseal affidavit fbi last month nikita casap waukesha charg kill mother yearold tatiana casap stepfath yearold donald mayer accus live corps two week offici say also conspir kill presid fbi accus casap conspiraci attempt assassin presid attempt use weapon mass destruct,Lean Left
"GOP-led states remove hundreds of thousands from voter rolls, finding non-citizens had registered",two republicanl state remov hundr thousand registr voter roll month anoth identifi hundr noncitizen voter voter list mainten,Lean Right
Mike Waltz Used Signal for More Sensitive National Security Chats: Report,us nation secur advis mike waltz use signal messag app host sensit discuss cabinet member wall street journal report cite two unnam offici among discuss thread broker peac russia ukrain militari oper accord journal newsweek could independ verifi report contact white hous press offic email outsid normal busi hour comment,Center
Trump Admin Needs to Reverse Biden Wokeness and Weaponization,weapon govern probabl hallmark administr joe biden ok weapon govern senil incoher rambl hallmark senil rambl gone infrastructur weapon remain fulli entrench agenc across feder govern presid donald trump need remov everyon involv effort use power govern polit purpos american weapon govern file bogu charg creat new law,Right
Cory Booker's Blab-a-Thon Underlines 'Fact-Checker' Tilt,april facebook pull plug censorship independ factcheck replac commun note approach like elon musk x use one upset censori leftw fact polic angi holan leader poynter institut intern factcheck network mark intern factcheck day proclaim need ever factcheck hold line realiti histori sake build evidencebas record withstand polit pressur fact check fals poynter politifact routin demonstr line realiti,Right
"Trump Blasts Fox News Pollster, WSJ",presid donald trump use social media platform thursday rebuk fox news pollster china love wall street journal outlet part rupert murdoch media empir rupert murdoch told year go get rid foxnew trump hate fake pollster never done trump post truth social,Right
"DOGE staffer 'Big Balls' provided tech support to cybercrime ring, records show",bestknown member elon musk us doge servic team technologist provid support cybercrim gang brag traffick stolen,Center
USAID Caught Red-Handed in Censorship Conspiracy,us agenc intern develop usaid allegedli implic vast governmentback censorship scheme accord intern document obtain law group america first legal ongo litig us depart state global engag center gec copi commun releas thursday reveal allianc among usaid gec british foreign commonwealth develop offic fcdo uk foreign affair ministri multipl media censorship firm work lockstep manipul public discours control media narr suppress free speech particularli dissent voic america first legal,Right
Trump wants to deport some US citizens to El Salvador,us presid donald trump said monday want deport violent crimin us citizen el salvador would incarcer agreement countri govern trump spoke journalist white hous state visit salvadoran presid nayib bukel,Center
The Liberal Media Is SIGNALing a lot of Bullcrap Right Now,liber america could upset encrypt messeng app slipup shambol exit afghanistan got american kill democrat think smell blood water mediamanufactur fallout leak signal chat stori continu make left giddi noth nation secur advis michael waltz set chat top offici includ secretari defens pete hegseth antihouthi oper accident ad notori antitrump fake news writer jeffrey goldberg editorinchief atlant claim topsecret war plan,Right
New York to release some prison inmates early over shortage of guard staff,new york state prison releas inmat earli system enough correct offic week state fire guard went strike poor work condit memo monday correct commission daniel martuscello direct prison leader begin identifi inmat convict minor crime alreadi set releas within day consid earli discharg,Left
Does Oklahoma rank #1 in profit per employee among Fortune 500 companies?,analysi data fortun measur profit per employe compani state found oklahoma rank allsid highlight content gigafact network newsroom respond onlin claim view full fact brief oklahoma watch,Center
UK government to take emergency control of British Steel,member parliament unit kingdom approv saturday plan take emerg control british steel blast furnac decis save steel plant industri town scunthorp follow emerg parliamentari session keir starmer govern recal lawmak easter recess pass law hous common allow busi secretari jonathan reynold direct compani board workforc ensur get paid order raw materi keep blast furnac run,Center
Fact Check Team: Supreme Court to review nationwide injunctions on birthright citizenship,suprem court set hear argument may case concern trump administr effort end birthright citizenship howev justic rule constitution polici instead consid whether lower court judg overstep issu nationwid injunct block polici take effect case stem execut order sign presid donald trump first day back offic execut order aim end automat citizenship children born unit,Right
Does Minnesota check death records before issuing Medicaid payments?,oversight occasion happen minnesota depart human servic review state death record identifi medicaid enrolle pass away allsid highlight content gigafact network newsroom respond onlin claim view full fact brief minnpost,Center
Student Loan Update as Trump Set to Order Department of Education Shutdown,presid donald trump set sign execut order thursday direct shutdown us educ depart fulfil campaign pledg elimin agenc long conserv target feder student loan payment feder fund student disabl individu disabl educ act idea titl fund lowincom school remain unchang order accord report howev educ secretari linda mcmahon develop plan bring fund closer state local importantli student white hous offici,Center
Trump administration threatens Harvard with foreign student ban,us govern threaten ban harvard univers enrol foreign student institut said would bow demand donald trump administr white hous demand oldest univers us make chang hire admiss teach practic say help fight antisemit campu homeland secur secretari kristi noem wednesday accus ivi leagu school threaten nation secur bend knee antisemit,Center
'Nothing has been done': Judge slams DOJ in case of wrongly deported man,feder judg overse case kilmar armando abrego garcia maryland man deport el salvador error slam govern handl case friday order justic depart provid daili updat effort bring back complianc go requir daili status daili updat us district judg paula xini said hear maryland friday go make record anyth govern,Lean Left
"Google holds illegal monopolies in ad tech, US judge finds, allowing US to seek breakup",alphabet googlo googl illeg domin two market onlin advertis technolog judg rule thursday deal anoth blow tech giant pave way us antitrust prosecutor seek breakup advertis product us district judg leoni brinkema alexandria virginia found googl liabl will acquir maintain monopoli power market publish ad server market ad exchang sit buyer seller publish ad server platform use websit store manag ad inventori,Center
Hungary's parliament passes constitutional amendment banning public LGBTQ+ events,amend declar children right moral physic spiritu develop supersed right right life includ right peac assembl hungari parliament pass amend constitut allow govern ban public event lgbtq commun decis legal scholar critic call anoth step toward authoritarian amend requir twothird vote pass along parti line vote propos rule fideszkdnp coalit led prime minist viktor,Center
First black Republican congresswoman Mia Love dies at 49,mia love first us black republican congresswoman die age utah famili announc pass away peac sunday surround famili home town saratoga spring statement said love daughter haitian immigr repres state utah hous repres,Center
See How Government Spending Is Up Even as Musk Touts Savings,feder spend higher sinc presid trump took offic even depart govern effici slash contract cut job end divers program wall street journal analysi daili financi statement issu treasuri depart found govern spend sinc inaugur billion period administr presid joe biden doge claim cut billion far journal analysi found effort yet affect bottom line,Center
"Peter Marks, top US vaccine official, forced to resign",top us vaccin offici forc resign media report say top vaccin offici us food drug administr fda forc job us media report peter mark offer letter resign health human servic hh offici friday given choic resign fire becom clear truth transpar desir secretari rather wish subservi confirm misinform lie mr mark wrote resign letter,Center
USDA halts millions of dollars worth of deliveries to food banks,agricultur depart halt million dollar worth deliveri food bank without explan accord food bank leader six state usda previous alloc million deliveri food bank fiscal year emerg food assist program food bank leader say mani order cancel halt deliveri first report politico come agricultur depart separ axe two food program end billion plan feder spend school food bank purchas,Lean Left
"No, It Was Not a Few Bad Apples In the Media Who Lied to the American People",treat cia call modifi limit hangout tri recov credibl systemat failur lie disgust less selfdelud member public past decad formerli mainstream media engag seri lie hoax campaign slander disfavor peopl movement coverup democrat scandal expos member priesthood cult busi explain got wrong,Lean Right
"New Mexico governor activates National Guard, declares emergency over crime",new mexico gov michel lujan grisham declar state emerg address rise crime opioid crisi strain local law enforc start midmay nation guard troop assist albuquerqu polic nonlaw enforc duti governor say deploy aim support offic focu commun safeti aclu new mexico warn move could lead increas profil crimin vulner popul,Center
Ten Tariff Questions Never Asked,presid donald trump socal trade war mani call american effort obtain either tariff pariti reduct roughli trillion trade deficit year consecut trade deficit trade war call polici past halfcenturi europ asia china other ensur asymmetr tariff pseudohealth secur trade restrict larg surplus trade peac trade fair nation prefer surplus deficit nation prefer trade surplus protect tariff,Lean Right
"Sean 'Diddy' Combs appears in court, loses bid to delay sex-crimes trial",feder govern sexcrim case sean diddi comb soon underway underscor urgent push hold one music industri promin figur account us district judg arun subramanian rule friday comb defens team request push back start feder trial roughli twohour hear april comb seen smile wave peopl exit courtroom includ mother emot subdu hear previou one march,Lean Left
The Trump Administration Accidentally Texted Me Its War Plans,world found shortli pm eastern time march unit state bomb houthi target across yemen howev knew two hour first bomb explod attack might come reason knew pete hegseth secretari defens text war plan plan includ precis inform weapon packag target time,Left
Vance tells Greenlanders they'd be better off being part of the United States,vice presid vanc told peopl greenland would better part unit state rather denmark remark visit us militari base arctic territori friday presid trump repeatedli express interest acquir territori spark sharp reaction greenland denmark,Lean Left
Booker stages Senate filibuster to protest 'crisis' he says Trump and Musk created,new jersey democrat sen cori booker tuesday morn still speak senat floor stage filibust start pm monday night call protest nation crisi said presid donald trump elon musk creat monday night said set last long physic abl speak hour,Lean Left
Rapper Young Scooter Dies at Age 39 on His Birthday Following Hospitalization,young scooter atlanta rapper sign futur waka flocka flame reportedli die day birthday yearold man die injur leg fenc fled polic respond call home william nye drive friday march atlanta polic depart state press confer man transport gradi hospit pronounc dead,Lean Left
House passes legislation to curb authority of ‘rogue’ district judges,hous republican move limit author feder judg pass legisl wednesday even prevent issu nationwid injunct hous vote pass rogu rule act restrict feder judg issu farreach injunct instead rule would appli parti directli involv case,Lean Right
A dozen US states sue to halt Trump's tariffs,dozen us state join togeth lawsuit aim block presid donald trump spate tariff upend global trade suit led new york governor attorney gener argu presid lack author impos levi note tariff must approv us congress twelv state join lawsuit file unit state court intern trade white hous accus new york attorney gener letitia jame priorit witch hunt,Center
Fact Check Team: Unelected judges vs. Trump: How the courts are dictating his presidency,ongression republican frustrat increas number nationwid injunct issu district court judg block presid donald trump polici senat josh hawley introduc legisl aim ban broad injunct accord press releas hawley nationwid injunct abus prevent act would,Right
US Supreme Court to scrutinize Federal Communications Commission fund's legality,us suprem court set wednesday hear feder commun commiss defens mechan use fund multibillion dollar effort expand phone broadband internet access lowincom rural american beneficiari fcc coalit telecommun firm interest group appeal lower court rule found agenc fund oper effect levi misbegotten tax american consum violat us constitut vest legisl author congress latest case come,Center
Greenpeace Verdict Is a Wake-Up Call for Progressive NGOs,greenpeac back radic protest tri block north dakota pipelin pipelin compani huge damag lawsuit icon ngo nonprofit take notic wednesday juri mandan north dakota return stun verdict greenpeac role violent protest mislead pr campaign disrupt construct dakota access pipelin juri hear civil lawsuit found greenpeac usa two greenpeac entiti liabl civil conspiraci defam trespass misde,Right
Supreme Court weighs South Carolina's ban of Planned Parenthood from Medicaid program,us suprem court heard oral argument wednesday whether south carolina resid right choos plan parenthood provid medicaid act state tri exclud largest abort provid medicaid program justic heard oral argument case medina v plan parenthood south atlant deal whether legal south carolina ban abort provid medicaid john bursch senior counsel allianc defend freedom argu case behalf south carolina say,Lean Right
Birthright Citizenship Reaches Supreme Court,suprem court set hear oral argument may justic depart emerg request narrow string district court order block presid donald trump execut order would restrict birthright citizenship take effect trump administr yet ask high court rule constitution presid order request justic address use univers injunct go far beyond parti involv case appli anyon could affect accord hill,Right
Trump Administration Plans to Freeze Family-Planning Grants,trump administr move freez ten million dollar feder familyplan grant certain organ investig whether money use divers effort peopl familiar matter said,Center
Trump says countries that purchase oil from Venezuela will pay 25% tariff on any trade with U.S.,presid donald trump said monday us impos tariff countri buy oil ga venezuela seek increas pressur presid nicola maduro china countri buy oil ga venezuela face tariff trade us trump said post social media platform truth social tariff take effect april presid said,Center
Who will be the next pope? Key candidates in an unpredictable process,next pope decis could profound impact cathol church world billion baptis roman cathol also promis highli unpredict open process host reason colleg cardin meet conclav sistin chapel debat vote prefer candid singl name prevail cardin appoint pope franci elect pope first time,Center
Matt Taibbi Files $10 Million Libel Lawsuit Against Democratic Congresswoman,independ journalist matt taibbi file million libel lawsuit democrat congresswoman thursday allegedli fals accus sexual harass amplifi claim social media account,Lean Right
Harvard University sues Trump administration to stop funding freeze,harvard univers file lawsuit trump administr claim freez feder grant worth billion dollar unlaw presid alan garber announc action monday letter univers commun said bn fund freez would hamper critic diseas research harvard world richest univers last week reject list demand trump administr said design curb divers initi fight antisemit school respons lawsuit white hous said,Center
Trump rescinds order targeting law firm after it makes $40m promise,presid donald trump rescind execut order target prestigi intern law firm promis abandon divers polici provid worth free legal work support white hous initi paul weiss rifkind wharton garrison llp multin law firm headquart new york mani highprofil client,Center
Ex-US Rep. George Santos sentenced to over 7 years in prison for fraud and identity theft,disgrac former us rep georg santo lie life stori defraud donor sentenc friday seven year prison sob heard punish new york republican serv congress bare year hous colleagu oust plead guilti last summer feder wire fraud aggrav ident theft,Left
A second judge rules against Trump's removal of transgender troops,feder judg new jersey temporarili block trump administr separ two transgend servic member air forc rule second instanc feder judg rule trump administr seek implement ban transgend peopl serv militari,Right
"Former FAA contractor pleads guilty to spying for Iran, sharing private info on US airports, energy industry",natur us citizen live great fall virginia plead guilti wednesday work iranian govern intellig offici behalf us contractor feder aviat administr faa depart justic doj said yearold abouzar rahmati plead guilti feder court conspir act act agent iranian govern us without prior notif attorney gener rahmati previous islam revolutionari guard corp irgc st lt branch,Right
Canada hits back at US car tariffs with reciprocal measures,canada say start impos tariff certain vehicl import us retali similar measur neighbour tariff import tax paid canadian buy automobil part us confirm new tax would appli midnight wednesday canadian financ minist francoisphilipp champagn said countri respond unwarr unreason tariff,Center
Who was at Pope Francis' funeral and where did they sit?,numer world leader royal gather rome pope franci funer among promin figur vatican st peter squar saturday morn princ william us presid donald trump predecessor joe biden britain prime minist sir keir starmer french presid emmanuel macron attend come fragil time intern diplomaci trump meet ukrain presid volodymyr zelenski servic,Center
"Donald Trump Cuts Will Impact Weather Forecasts Across World, Agency Warns",budget staf cut presid donald trump administr undermin global effort monitor climat produc accur weather forecast warn european centr mediumrang weather forecast ecmwf qualiti quantiti climat observ avail scientist worldwid suppli nation ocean atmospher administr noaa alreadi suffer measur declin accord ecmwf director gener florenc rabier,Center
House Judiciary Chair Jim Jordan lays out sweeping agenda for judicial reform,presid donald trump face stiff challeng feder judg across countri hous judiciari committe chairman jim jordan rohio lay sweep agenda judici reform rein judg say overtli polit,Lean Right
Judge to hear arguments against pro-Palestinian activist Mahmoud Khalil,trump administr thursday make case deport propalestin activist recent columbia univers graduat mahmoud khalil thursday morn hear feder govern expect expand newest accus khalil arrest earlier month taken immigr custom enforc detent center khalil hold legal perman resid statu unit state,Center
Trump administration says 'top MS-13 national leader' arrested,us arrest top ms gang member accord post x attorney gener pam bondi im proud announc earli morn brave law enforc offic conduct success oper captur top ms nation leader bondi post doj rest make america safe,Lean Left
Gold Price Hits All-Time High as World Braces for Trump Tariffs,price gold soar alltim high per ounc tuesday morn investor brace potenti econom fallout us presid donald trump unleash sweep new tariff set unveil april gold safehaven asset long regard hedg financi uncertainti saw increas demand market react trump plan impos reciproc tariff trade partner see current trade term broadli unfair us,Center
2 Key Pentagon Officials Have Been Suspended Following Leaks Investigation: Reports,two pentagon offici escort depart defens place administr leav tuesday amid probe unauthor disclosur accord multipl news report dan caldwel top aid defens secretari pete hegseth name infam signal group chat implic department investig leak accord reuter first report suspens caldwel veteran marin corp iraq war blame give report classifi inform offici told cb news,Left
Three big unknowns ahead of Trump's 'Liberation Day' tariffs,donald trump say tariff come messag us presid consist tariff import tax come thick fast sinc took offic hard keep track trump alreadi rais duti chines import well steel aluminium good canada mexico higher levi car due go effect week wait trump unveil detail plan wider set tariff,Center
NAACP sues U.S. Education Department over DEI school funding cuts,naacp su us depart educ tuesday stop alleg illeg effort cut fund school use divers equiti inclus program prevent black student receiv equal educ opportun,Center
"Ex-Biden campaign staffer slams former president's team for knowing he was 'not capable,' feels 'lied to'",former biden campaign aid ashley allison said wednesday felt lie discuss revel new book presidenti campaign specif former biden white hous chief staff ron klain reveal former presid exhaust prepar june debat feel lie cnn host abbi phillip ask allison work bidenharri campaign allison said ye think hadnt around presid debat work joe biden,Right
US military takes an abrupt turn after decades of climate change research,everi winter us militari gather alli arctic oper ice camp warm region becom increasingli access rais concern border peac us naval academi annapoli maryland million sea wall project finish last year keep rise tide flood base time year,Lean Left
"As nuclear waste piles up, Congress is at a standoff over where to store it",lawyer argu earlier month suprem court permit facil handl temporari nuclear wast storag justic neil gorsuch point skunk room would lack singl perman facil govern could dump radioact wast buri deep earth luck mind gener come,Lean Right
Why Trump Is Right About Ending The Debt Ceiling,presid trump right junk debt limit congression budget offic announc week us govern run money juli august unless congress rais debt limit put ceil uncl sam borrow,Lean Right
"Myanmar's military declares a ceasefire as earthquake deaths pass 3,000",myanmar rule militari declar temporari ceasefir countri civil war wednesday facilit relief effort follow magnitud earthquak kill peopl surpris announc militari leader also head unelect govern came late wednesday state televis mrtv said halt fight would run april show compass peopl affect friday quak,Lean Left
Trump executive order seeks to 'restore' American history through Smithsonian overhaul,presid donald trump sign execut order thursday direct vice presid jd vanc elimin divis racecent ideolog smithsonian museum educ research center nation zoo titl restor truth saniti american histori order state wide respect symbol american excel global icon cultur achiev smithsonian institut recent year come influenc divis racecent ideolog shift promot narr portray american western valu inher harm oppress,Lean Left
Speaker Johnson scrambles for solutions to parental proxy voting impasse,speaker mike johnson rla scrambl break impass push allow proxi vote new parent standoff gop leadership rep anna paulina luna rfla harden band nine republican led luna join democrat tuesday torpedo vote procedur rule includ languag thwart proxi vote effort halt unrel key legisl busi hous floor prompt leadership send lawmak home week reopen floor johnson advanc procedur rule govern debat legisl first howev,Center
Whistleblower tells Senate committee that Meta undermined US national security to cozy up to China,whistleblow wednesday told congression lawmak facebook founder mark zuckerberg execut lie congress meta activ tri help china develop artifici intellig effort win favor beij sarah wynnwilliam detail experi meta scath memoir careless peopl testifi senat judiciari subcommitte crime counterterror wit zuckerberg execut repeatedli undermin us nation secur betray american valu report,Lean Right
Fox Business host confused why media are covering the economic pain of Trump's tariffs on Americans,steve dooci cohost first thing talk charl number one issu tariff one thing lawrenc ask pain averag american jd vanc said cant fix overnight ultim cost probabl go pain big question peopl get idea greater good charl payn fox busi host think presid trump ran tariff saw presid,Right
Trump’s Risky Reliance on the Alien Enemies Act,creat state war would steep cost expedit remov venezuelan gangster could deport regular immigr law anyway campaign trail candid donald trump pledg use alien enemi act deport illegalalien gang member march presid trump deliv promis order remov el salvador venezuelan illeg alien suspect member tren de aragua tda gang controversi immedi aros whether administr defi court order stop,Lean Right
DHS boss Noem vows to ‘hunt’ down those making swatting calls targeting conservative media,depart homeland dh secur secretari kristi noem join fbi director kash patel fight swat call target member conserv news media announc wednesday depart hunt coward patel recent confirm rise swat incid someon tri send arm polic anoth person hous fals pretens aim media figur famili act said put live victim respond offic danger,Right
Four lingering questions about Trump officials' Signal chat,past hour top white hous offici face question lawmak press journalist came join sensit group chat upcom militari oper presid donald trump nation secur team share sensit inform unsecur manner atlant first report detail group chat platform signal editor chief jeffrey goldberg ad follow thread top trump administr offici discuss upcom militari strike houthi yemen,Center
Democratic-led states sue to block Trump from $11 billion health funding cut,group democraticl state tuesday su republican us presid donald trump administr challeng cancel billion feder grant state alloc covid pandem attorney gener governor state district columbia lawsuit file feder court rhode island argu us depart health human servic lack author unilater claw back fund state alreadi built health program around,Center
'Sometimes you have to take medicine': Trump defends sweeping tariffs,us presid donald trump defend sweep tariff import sent shockwav global stock market say sometim take medicin fix someth speak report aboard air forc one late sunday said job invest would return us make wealthi like never trump top offici stress tariff announc last week would implement plan play recess fear hour trump comment stock market plung asia earli monday japan,Center
Nearly half of Puerto Rico still without power after island-wide blackout,nearli half puerto rico remain without electr thursday morn follow islandwid blackout left million custom dark disrupt servic hospit intern airport hotel accord associ press outag began wednesday afternoon also left resid without water thursday morn power restor custom water servic resum affect popul ap report caus blackout remain investig thursday,Lean Left
Lawmakers take action after report shows Biden-era SBA failed to probe 2 million alleged COVID aid fraudsters,respect chair small busi committe chamber congress unveil plan address roughli million like fraudul pandem aid applic flag recent govern report sen joni ernst iowa rep roger william texa republican plan introduc sba fraud enforc extens act wednesday hope corral alleg scofflaw say broke law prevent untold number legitim us small busi receiv crucial aid bill extend statut limit year,Right
"Dr. Peter Marks, top vaccine official at FDA, resigns and criticizes RFK Jr.",dr peter mark top vaccin offici food drug administr wrote letter friday resign posit critic health human servic secretari robert f kennedi jr question effect vaccin year promot debunk claim certain vaccin link autism letter address act fda commission sara brenner mark said would resign retir director center biolog evalu research effect april accord copi,Lean Left
Dartmouth abstains from signing letter against federal funding cuts,dartmouth colleg ivi leagu univers sign letter condemn trump administr tri dictat polici paus billion dollar feder fund said would effect way defend mission valu,Lean Left
"Fact Check Team: Exploring the current state of the Russia-Ukraine War, and the cost",resid donald trump continu advoc ceasefir russia ukrain conflict enter third year unit state recent help broker partial ceasefir focus safer navig black sea shipment halt longrang strike energi site howev disagr persist ceasefir time scope report variou outlet say trump frustrat presid putin zelenskyy report associ press said russia demand us lift sanction first ukrain question ceasefir benefit,Right
Kyiv and Moscow accuse each other of countless violations of one-day Easter ceasefire,russia ukrain accus thousand attack violat oneday easter ceasefir declar presid vladimir putin kremlin say order extend paus frontlin fight washington said would welcom extens truce presid volodymyr zelenskiy reiter sever time ukrain willing paus strike day war,Center
"Russian missile strike kills 34 in Ukraine's Sumy, Kyiv says",ballist missil hit centr citi ukrain north far russian border kyiv offici say peopl injur bodi strewn street ukrain say russia use cluster munit deliber hit civilian moscow yet comment deadliest strike sinc septemb attack come soon trump envoy held talk putin us push end war two russian ballist missil slam heart northern ukrainian citi sumi sunday kill peopl wound deadliest strike,Center
Judge halts Trump's shutdown of Voice of America,feder judg order trump administr restor job fund voic america usback news outlet rule effort dismantl violat law constitut voa employe includ journalist place leav follow presid donald trump order white hous accus broadcast antitrump radic voa still primarili radio servic set world war ii counter nazi propaganda becom major global media broadcast,Center
"US court won't pause ruling requiring Trump administration to reinstate 25,000 workers",us appeal court friday refus paus judg rule requir trump administr reinstat worker feder agenc lost job part republican presid purg feder workforc panel richmond virginiabas th us circuit court appeal said reason paus decis judg baltimor maryland expect decid next week whether extend lawsuit brought democratl state washington dc,Center
Supreme Court delays midnight deadline for Trump admin to fix mistaken deportation,suprem court chief justic john robert issu temporari administr stay put midnight deadlin govern return mistakenli deport maryland man us give court time consid argument present side trump administr ask suprem court emerg intervent case kilmar armando abrego garcia govern admiss remov el salvador mistak,Lean Left
Operation Assad: the air mission to smuggle the Syrian despot's valuables,enemi close damascu bashar alassad rule syria iron fist year use privat jet spirit away cash valuabl confidenti document map corpor web behind wealth yasar ibrahim presid top econom advis arrang leas plane transport assad treasur asset rel aid presidenti palac personnel unit arab emir aboard four flight accord account oper piec togeth reuter dozen sourc,Center
Jury finds NY Times not liable in Sarah Palin defamation case,feder juri manhattan tuesday found new york time nytn open new tab liabl allegedli defam sarah palin editori gun control deal former republican us vice presidenti candid second loss trial verdict came retrial palin case feder appeal court threw verdict time favor,Center
Schumer says he's staying put amid growing resignation pressure,minor leader chuck schumer dni said he step leadership interview air sunday amid mount pressur within parti abandon post matter he remain defiant democrat lawmak outsid group pile call step asid schumer dealt key blow former presid biden reelect bid argu he absolut make mistak biden hesit step,Lean Left
Inflation could hit different this time,skyhigh inflat pummel american labor market boom wage rise soften blow vulner place matter economist expect tariff drive inflat least shortterm concern wage wont keep lead lower incom real pain mani theyr say pinch higher price expect come month may hit harder postpandem inflat spike wrote jp morgan chief economist michael feroli note friday ing chief intern,Lean Left
"Trump administration launches probe into chip imports, first step toward semiconductor tariffs",trump administr taken next step toward impos tariff key import launch investig import comput chip chip make equip pharmaceut depart commerc post notic probe late monday feder regist seek public comment within three week formal announc earlier although presid donald trump paus biggest tariff hike last week day apart import china said still plan tariff pharmaceut drug lumber copper,Center
Appeals court rules Trump can fire board members of independent labor agencies,appeal court rule friday presid donald trump fire two board member independ agenc handl labor issu respect post feder govern divid threejudg panel us court appeal district columbia circuit agre lift order block trump administr remov merit system protect board member cathi harri nation labor relat board member gwynn wilcox march us district judg rudolph contrera rule trump illeg tri fire harri two day later us district judg beryl howel rule,Left
Trump 'very angry' with Putin over ceasefire negotiations,donald trump said angri piss russian presid vladimir putin week attempt negoti ceasefir ukrain interview us presid criticis putin attack ukrainian presid volodymyr zelenski credibl threaten impos tariff countri buy russian oil agre ceasefir last week putin suggest possibl unrun govern ukrain organis new elect begin peac talk trump comment mark chang,Center
DEI Is Dying,presid donald trump end feder dei program even compani second thought victoria secret chang divers equiti inclus inclus belong even woke disney despit squander million sharehold dollar moron new version snow white join mob compani drop dei program divers equiti inclus sound good,Lean Right
A Depleted Hamas Is So Low on Cash That It Can’t Pay Its Fighters,hama face new problem gaza come cash need pay rank file israel last month cut suppli humanitarian good enclav hama seiz sell rais fund accord arab isra western offici renew offens target kill hama offici play import role distribut cash cadr sent other hide arab intellig offici said,Center
Trump's 25% auto import tariffs: these are the most impacted manufacturers,presid donald trump tariff automobil automobil part go hit automak harder other particularli among lower share ussold vehicl assembl outsid us instanc volvo mazda volkswagen hyundai motor includ brand genesi kia import least respect us sale accord sp global mobil compar ford honda stellanti gener motor car made us sp global mobil report show trump view tariff,Lean Right
ICC sent Hungary a request to arrest and surrender Netanyahu hours after his arrival,intern crimin court icc sent request hungarian govern arrest surrend prime minist benjamin netanyahu detent center hagu due arrest warrant issu court last year emerg sunday accord report channel news surrend request sent sever hour netanyahu land countri thursday hungarian govern refus compli promptli announc quit icc,Center
"Trump can't revoke legal status of migrants from Cuba, Haiti, Nicaragua and Venezuela, judge rules",trump administr cant immedi revok deport protect work permit hundr thousand migrant cuba haiti nicaragua venezuela enter us legal bidenera program feder judg rule monday us district court judg indira talwani block trump administr move forward plan termin legal statu migrant april administr warn affect announc would need self deport date face arrest deport feder immigr,Lean Left
"PBS, NPR Cover Their Own Bosses, Downplay Ridiculous Bias Denial",pb face difficulti wednesday night cover boss take tough question republican capitol hear wednesday pb actual air republican cite us conserv media watchdog group didnt want serious engag anyth pb correspond william brangham includ plenti republican democrat soundbit hear also air pb boss paula kerger claim drag queen sing children hip drag queen go swish swish swish,Right
"Tornados, strong storms rip through Central US, causing at least 10 deaths",tornado strong storm rip state central us caus least death properti damag report arkansa missouri tennesse kentucki illinoi indiana death occur tennesse kentucki missouri indiana accord weather channel,Lean Right
"Bernie Sanders takes Coachella stage to rail against Trump, 'billionaire class' at high-dollar music festival",sen berni sander ivt took coachella stage saturday derid presid donald trump billionair crowd luxuri music festivalgo sander selfdescrib democrat socialist introduc perform clairo prais yearold artist whose real name clair cottril polit activ join rep maxwel frost dfla yearold sander note youngest member congress view one best member,Right
White House orders NIH to research trans 'regret' and 'detransition',trump administr order nation institut health studi physic mental health effect undergo gender transit accord intern nih memo obtain direct share two current nih staffer want identifi fear retribut act nih director mark memoli say nih must studi impact social transit andor chemic surgic mutil among children transit specif white hous want nih studi,Lean Left
Trump admin cancels over $12B in health care grants,trump administr cancel billion dollar grant fund state local health depart without warn throw program disarray matter move cast doubt state abil continu substanc use disord support program prevent emerg infecti diseas among effort virginia state health depart alreadi begun lay staff result fund cut,Lean Left
"Vehicle Carrying 4 U.S. Soldiers Is Found in a Lithuanian Swamp, Officials Say",heavi vehicl carri four us armi soldier found submerg swamp lithuania day soldier disappear train mission us militari said wednesday vehicl discov search us armi lithuanian militari lithuanian author us militari said statement soldier found,Lean Left
The 'world's coolest dictator' heads to the White House,nayib bukel el salvador presid selfstyl world coolest dictat due visit presid trump white hous monday he first latin american leader get offici invit oval offic sinc trump took offic,Lean Left
Houthi rebels launch rare missile attack on northern Israel,iranback houthi rebel yemen launch missil target northern israel earli wednesday accord isra militari attack rare houthi enforc militari blockad red sea gulf aden support palestinian peopl ten thousand kill israel war anoth iranproxi militia hama gaza,Center
Democratic Boston city councilwoman pleads guilty to public corruption charges,boston citi councilwoman agre tuesday plead guilti feder public corrupt charg allegedli use inflat bonu pay rel kickback scheme democrat tania fernand anderson arrest fbi agent decemb six feloni charg includ five count wire fraud one count theft concern feder fund program relat alleg kickback scheme earn thousand taxpay dollar,Lean Right
Fact check: Did Mexico shut down its ports of entry to protest Trump’s tariffs?,wide share video show entranc world trade bridg port entri close mexican nation guard film feb protest trucker upset long cross time news outlet report allsid highlight content gigafact network newsroom respond onlin claim view full fact brief el paso matter,Center
French far-right leader Marine Le Pen barred from running for public office for five years,marin le pen bar run public offic five year mean would abl run french presidenti elect found guilti embezzl european fund financ french farright nation ralli rn parti le pen expect guilti sentenc fiveyear ban write correspond hugh schofield pari le pen left courtroom judg hand detail sentenc also given fouryear prison sentenc two,Center
'Signalgate' Racks up Seven Times More Coverage than Yemen Airstrikes,last week abc cb nbc spent nearli minut cover leak messag privat signal chat trump administr offici first hour messag publish network spent minut cover actual militari oper discuss leak messag midmarch unit state launch stillongo seri airstrik houthi rebel yemen retali report attack merchant vessel red sea oper would ultim prove,Right
"Trump sends Happy Easter wishes, then blisters judges and 'liberal lunatics' blocking his agenda",presid donald trump sunday wish american easter fill peac joy unleash detractor polit court said block agenda put countri risk happi easter includ radic left lunat fight scheme hard bring murder drug lord danger prison mental insan well known ms gang member wife beater back countri trump wrote truth social post target democrat feder judg,Lean Right
"Russia, US discussing rare earth metals projects, Putin envoy says",russia unit state start talk joint rare earth metal project russia compani alreadi express interest presid vladimir putin invest envoy said remark publish monday amid effort us presid donald trump end war ukrain miner cooper float kyiv moscow though trump said sunday ukrainian presid volodymyr zelenskiy want back propos deal,Center
A second South Carolina death row inmate chooses execution by firing squad,south carolina death row inmat friday chose execut fire squad five week state carri first death bullet mikal mahdi plead guilti murder kill polic offic schedul execut april mahdi choic die fire squad lethal inject electr chair first inmat execut state sinc brad sigmon chose shot death march doctor pronounc sigmon dead less,Left
"Ukraine, US to meet in Riyadh after Russia-US Black Sea ceasefire talks",ukrainian us deleg schedul meet tuesday saudi arabia follow russiau talk day earlier limit black sea ceasefir propos washington hope open way broader peac negoti daylong talk monday saudi arabia russian us offici portray washington step presid donald trump effort end threeyearold war,Center
White House calls on Supreme Court to rein in judges blocking Trump's agenda,white hous blast activist feder judg call us suprem court rein wednesday presid donald trump alli escal attack judg rule administr white hous press secretari karolin leavitt told report incumb upon suprem court take action judg act erron,Center
"White House wants to defund independent Social Security board, sources say",white hous want defund bipartisan board advis presid congress social secur polici two sourc familiar matter told reuter trump administr move cut cost elimin independ voic govern white hous offic manag budget notifi staff social secur advisori board plan cut board annual budget around million zero accord sourc spoke condit anonym discuss nonpubl budgetari detail,Center
Fewer People Support Censoring False Information Online,percentag american think govern take step restrict fals inform onlin shrink accord new data pew research center american lose patienc idea govern censor name stop misinform pew also found decreas support idea tech compani make effort,Center
Judge orders US government to return man who was mistakenly deported to El Salvador by end of Monday,feder judg friday rule unit state must bring back man mistakenli deport el salvador last month judg paula xini us district court maryland direct feder govern return kilmar abrego garcia salvadoran nation us later pm april,Lean Left
Did Texas rank first in job growth in 2024?,texa ad net job state although state higher per capita job growth allsid highlight content gigafact network newsroom respond onlin claim view full fact brief el paso matter,Center
DOGE abruptly cut a program for teens with disabilities. This student is 'devastated',visit websit elon musk depart govern effici doge youll find wall receipt list feder contract termin littl detail provid besid save cancel hard determin cost collater damag cut famili cost,Lean Left
Milwaukee County Circuit Judge Hannah Dugan arrested by federal authorities at Courthouse,milwauke counti circuit judg hannah dugan arrest april feder author investig whether tri help undocu immigr avoid arrest appear courtroom last week offici confirm dugan schedul appear us magistr judg stephen dri april second floor feder courthous downtown milwauke accord two feder sourc bradi mccarron spokesman us marshal servic washington dc confirm dugan arrest milwauke,Lean Left
Russia Captures Several More Villages In Eastern & Southern Ukraine,russian forc continu roll villag east south ukrain saturday sunday full battlefield press continu even amid presid trump effort get side negoti tabl first saturday russia defens ministri announc captur two villag shchebraki southern zaporizhzhia region panteleimonivka eastern donetsk region,Lean Right
"200 college leaders decry Trump's ""undue government intrusion"" in education",univers presid chancellor sign onto tuesday letter denounc trump administr coerciv use public research fund matter dissent presid trump higher educ threat slowli grow theyr say speak one voic unpreced govern overreach polit interfer endang american higher educ univers leader said letter,Lean Left
"HHS to cut 10,000 jobs, consolidate departments",health human servic secretari robert f kennedi jr announc major overhaul thursday elimin fulltim employe depart mr kennedi also said hh consolid divis includ new administr healthi america cut number region offic five restructur leav popular insur program medicaid medicar intact secretari said reorient agenc mission toward end chronic ill erad environment toxin,Lean Right
"Trump Targets ActBlue, Foreign Contributions",presid donald trump thursday direct justic depart investig main fundrais platform use democrat respond accus simpli weapon govern polit oppon republican leader sign memorandum instruct attorney gener pam bondi probe suppos foreign illicit payment platform includ actblu use democrat process donat elect campaign caus onlin republican said want probe look use fundrais platform make straw dummi contribut,Right
Zelensky urges Trump to visit Ukraine ahead of deal with Russia,ukrain presid volodymyr zelenski invit donald trump visit countri ahead deal russia end war pleas kind decis kind form negoti come see peopl civilian warrior hospit church children destroy dead zelenski said interview cbss minut programm interview record russian missil hit citi sumi kill peopl injur other russia said strike militari militaryrel target trump said,Center
Gov. DeSantis said he returned $500M in funds to US Treasury because of 'strings attached',florida gov ron desanti said return nearli million us treasuri money mani string attach twoterm republican governor mention hed recent met elon musk us depart govern effici million alloc florida project also said grant would requir state check tailpip emiss someth desanti said would never,Lean Right
Netanyahu Calls Antisemitism a Global Disease as U.S. Battles Houthi Missile Threats,isra prime minist benjamin netanyahu thursday call antisemit global diseas affect world includ us campus congress work combat us also target iranianback houthi yemen continu launch missil israel isra ran cover thursday afternoon two missil fire yemen middl day target jerusalem central israel interceptor shot us continu urg israel strike back houthi instead allow american forc respond two week us,Right
Germany warns citizens traveling to U.S. after 3 nationals detained,govern germani wednesday updat travel guidanc peopl travel unit state three citizen detain attempt enter land free germani foreign offic warn german citizen strict immigr polici us presid donald trump may land travel detent face possibl deport,Center
Punitive or a gift? How five big economies see new Trump tariffs,new trade tariff unveil us presid donald trump wednesday expect major global impact condemn european union key us alli trump latest import tax may get differ respons china whose leader could see gift bbc report five major economi look nuanc announc receiv,Center
"OnlyFans founder, crypto foundation submit late-stage bid to buy TikTok",startup run tim stoke founder adult content social media site onlyfan partner cryptocurr foundat submit latestag plan acquir short video app tiktok chines owner byted two said wednesday intent bid sent week white hous zoop billionair stoke new compani hbar foundat manag hedera cryptocurr network treasuri,Center
Judge blocks administration from deporting noncitizens to 3rd countries without due process,feder judg friday block trump administr deport noncitizen countri place origin without due process us district judg brian murphi issu injunct bar trump administr deport noncitizen countri explicitli mention order remov without first allow rais concern safeti,Lean Left
Trump's tariff 'medicine' engulfs markets as U.S. stocks brace for more turmoil,presid donald trump sweep tariff plan hammer global financi market us stock brace turmoil monday warn foreign govern would pay lot money lift levi call medicin asian equiti market sank european share crash monthlow oil price plummet investor fear duti trump announc last week could lead higher price weaker demand potenti global recess,Center
"Zachary Young, Who Won $5 Million in CNN Defamation Case, Sues Associated Press",au navi veteran award million defam case cnn file lawsuit associ press friday florida juri rule favor zachari young januari veteran su network segment air lead jake tapper stori center around alleg profit aftermath us withdraw afghanistan specif focus organ charg high price evacu,Center
"Health insurance CEO admits to hiring private investigators to dig up dirt on patients, doctors and politicians",ceo texa health insur compani fire admit doge panel state lawmak hire privat investig spi custom obtain sensit detail live mark sander dismiss duti chief execut austinbas superior healthplan testifi texa hous deliveri govern effici committe hear medicaid procur last week,Lean Left
Dollar Tree to Sell Family Dollar Business for $1 Billion,dollar tree agre sale famili dollar busi consortium privateequ investor roughli billion bid unlock valu continu turnaround plan fresh leadership detail discountretail chain set acquir brigad capit manag macellum capit manag compani announc wednesday confirm earlier report wall street journal,Center
"Vance issues ultimatum to Russia, Ukraine on peace negotiations",vice presid jd vanc told report india us offer russia ukrain explicit propos end war ongo three year make deal risk us walk away weve issu explicit propos russian ukrainian time either say ye us walk away process weve engag extraordinari amount diplomaci ontheground work vanc told report,Right
Fact Check Team: Millions of Americans exposed to toxic 'forever chemicals' in water,million american consum drink water contamin toxic forev chemic exceed feder safeti limit accord recent report report analyz first environment protect agenc epa updat sinc presid donald trump return offic forev chemic per polyfluoroalkyl substanc pfa chemic break easili link cancer health risk substanc found everyday item nonstick cookwar food packag firefight foam waterresist cloth product degrad,Right
Climate Myths,guess unit nation secretarygener antonio guterr didnt think hype global warm risk brought enough attent say era global boil arriv global boil give break ye climat warm deal annoy politician activist media push hyster myth,Lean Right
Trump's Legal Losses This Week as Transgender Military Ban Blocked,presid donald trump suffer seri legal loss week feder judg block execut order matter issu week affect everyth ban tran member militari retent govern record fire thousand feder worker,Center
"In latest media crackdown, White House limits newswire access to Trump",wire servic includ reuter bloomberg news longer hold perman slot small pool report cover presid donald trump white hous said tuesday move exert greater control get ask question report statement real time decis come trump administr last week lost court challeng brought anoth wire servic associ press earlier exclus press pool pool typic consist around outlet follow,Center
In Defense of Allies,alli need also benefit nation secur countri discomfit trump far probabl canada denmark ukrain exactli axi evil axi anyth except countri either depend unit state otherwis easili push around tone first coupl month trump administr overwhelmingli one disregard best contempt hostil worst longtim alli,Right
Americans Want Retirement Redefined,anew survey found percent american believ trump administr congress priorit legisl help peopl plan save secur retir blackrock studi survey regist voter januari januari found percent believ unit state retir system give work american necessari tool resourc save secur later life percent confid enough money see postwork year percent worri run,Center
"China launches military drills around Taiwan, calls Taiwan president a 'parasite'",china stage militari drill taiwan north south east coast tuesday stern warn separat call taiwanes presid lai chingt parasit taiwan sent warship respond china navi approach shore exercis china formal name unlik war game last year follow rise chines rhetor lai come heel us defens secretari pete hegseth asia visit repeatedli criticis beij,Center
Arson suspect 'harbored hatred' against Shapiro. This political violence must end.,less year ago juli pennsylvania gov josh shapiro found posit politician ever want face address attempt assassin thenpresidenti candid donald trump taken place ralli state shapiro also spoke murder corey comperator pennsylvania husband father attend campaign event shapiro democrat handl horrif situat grace heartfelt emot spoke deepen polit rift countri,Lean Left
Judges to announce ruling on definition of a woman,uk suprem court deliv verdict woman defin law announc mark culmin longrun legal battl scottish govern women group outcom could farreach implic sexbas right appli across scotland england wale,Center
GA Woman Who Dumped Fetus After Miscarriage Arrested: Police,georgia woman face charg author said suffer miscarriag place dead fetu bag put dumpster tifton polic respond tifton eldorado road apart complex around thursday receiv call unconsci femal bleed,Center
The Left Knew They Were Lying to Us All Along,year left advanc utter untruth cheap partisan purpos knew time fals caught shrug say lie along known first covid case origin near chines communist virolog lab engin gaininfunct deadli virus help western agenc left went full persecut mode damn incompet racist conspiratori dare follow logic evid point,Lean Right
Trump-backed bill to stop 'rogue' judges passes House,hous repres pass bill wednesday limit feder district judg abil affect trump administr polici nation scale rogu rule act led rep darrel issa rcalif pass hous limit district court power issu uswid injunct instead forc focu scope parti directli affect case one republican lawmak vot,Right
Living Hell?,climat chang make earth live hell claim popular astrophysicist neil degrass tyson dont believ media say arctic ice soon melt away polar bear die global warm caus food shortag bunk bunk bunk addict scare us new video cover four myth climat chang,Lean Right
What deportation ruling means for Donald Trump's immigration plans,base fact either observ verifi firsthand report report verifi knowledg sourc feder appeal court panel deni presid donald trump request restrain order overturn wednesday stop administr deport suspect venezuelan gang member without court hear appeal court rule doesnt complet stop trump abil deport peopl cant use alien enemi act aea justif regard plaintiff list case restrain order also place,Center
How Obama and Biden Paved the Way for Trump's Attacks on Universities,presid donald trump lay sieg columbia univers cancel million feder grant elit school exchang fund restor columbia administr agre capitul list demand relat campu antiisrael demonstr univers ban protest conceal ident face mask creat new disciplinari bureaucraci punish purportedli disrupt student even polic middl eastern studi depart alleg antisemit inher wrong feder govern refrain fund extrem wealthi privat institut,Center
Exclusive: US admiral at NATO fired in expanding national security purge,us navi vice admir shoshana chatfield hold senior posit nato fire part appear expand nation secur purg top offici trump administr three sourc told reuter monday inform immedi confirm pentagon howev sourc told reuter alli notifi chatfield remov job,Center
Trump's Actions Contradict His Avowed Commitment to First Amendment Rights,first day second term presid donald trump sign execut order aim restor freedom speech judg administr polici action privat litig trump commit principl highli select best last week secretari state marco rubio announc take crucial step toward keep presid promis liber american speech end depart misbegotten crusad onlin disinform welcom develop sinc amorph mission becom excus suppress constitut protect speech,Center
U.S. to allow logging in national forest to spur timber production amid trade war,us depart agricultur friday announc allow log nation forest help spur timber product amid reciproc tariff nation memo usda secretari brook rollin follow execut order presid donald trump last month expand timber product,Center
Stop Litigation-Industrial Complex Anti-MAGA War,monday trump administr struck back legalindustri complex war maga presid donald trump justic depart file emerg request ask suprem court take stand epidem nation injunct leftist district court judg use halt trump agenda trump lawyer said monday suprem court stop power grab,Right
Biden returns to podium for first time to slam Trump's Social Security plans: 'Wreck it so they could rob it',former presid joe biden took shot trump administr social secur polici first major speech sinc leav white hous tuesday even serious peopl genuin concern first time histori first time histori social secur benefit may delay interrupt biden said advoc counselor repres disabl acrd confer chicago tuesday even,Right
"US and Russia talk about Ukraine war, eye a Black Sea ceasefire",us russian offici began talk saudi arabia monday aim make progress toward broad ceasefir ukrain washington eye separ black sea maritim ceasefir deal secur wider agreement talk follow us negoti ukrain saudi arabia sunday come us presid donald trump intensifi drive end threeyearold conflict last week spoke ukrainian presid volodymyr zelenskiy russian presid vladimir putin,Center
"Chuck Schumer holds firm, rejecting calls to quit as top Senate Democrat",look im step schumer told nbc meet press schumer said spend bill certainli bad anticip support would stir controversi option let govern shut would time wors schumer said shutdown execut branch sole power determin govern function employe essenti scenario schumer argu trump costcut advis elon musk budget chief russ vought could,Center
"Republicans defend, Democrats decry changes at the U.S. Postal Service",presid donald trump stand depart govern effici leader elon musk spite critic democrat illinoi around countri union leader led ralli sunday protest potenti chang us postal servic trump suggest move privat agenc merg depart commerc us senat dick durbin dillinoi post video x downtown chicago ralli sunday durbin said oppos musk other want privat usp,Lean Right
Trump looms over Canada's election as campaign begins,canada newli appoint prime minist mark carney call snap elect send countri poll april elect come canada face trade war us call presid donald trump becom st american state issu expect top mind voter also come nine day carney liber sworn canada prime minist follow justin trudeau resign,Center
Pope Francis Obituary: Humble Reformer Who Clashed with Conservatives,pope franci first pope america die age vatican announc battl health problem throughout life braveri good humor life took impoverish childhood bueno air leader cathol church billion believ th pope support principl reform strove modern church make relev fastchang world also seen mani herald,Center
A Massive Explosion and Fire Strikes Iranian Port and Injures at Least 516 People,massiv explos fire rock port saturday southern iran injur least peopl state televis report blast happen shahid rajaei port outsid bandar abba major facil contain shipment islam republ handl million ton million metric ton good year social media video show black billow smoke blast other show glass blown build kilomet mile away epicent explos author offer caus explos,Right
EU Commission urges stockpiling of emergency supplies,european commiss said wednesday europ enhanc stockpil critic equip encourag public maintain suffici suppli least hour case emerg commiss said new eu prepared union strategi bloc prepar risk natur disast cyberattack geopolit crise includ possibl arm aggress eu countri,Center
Durbin’s final gift to Democrats: A graceful exit,upon news retir wednesday dick durbin wide hail fellow democrat long servic home state illinoi year senat leadership work champion immigr caus cadr younger democrat praiseworthi durbin decid retir,Lean Left
ICE deports former Mexico governor serving federal prison sentence in Illinois,former governor presidenti candid mexico serv feder prison sentenc us money launder deport us immigr custom enforc ice week toma jesu yarrington ruvalcaba remov ice wednesday turn mexican author want agenc announc friday,Right
"U.S., European, Ukrainian delegates meet to discuss end to war with Russia",offici ukrain meet american repres pari thursday discuss war russia less day latest russian attack ukrain ukrain presidenti chief staff andriy yermak said social media post work pari ukrain minist foreign affair andrii sybiha minist defens rustem umerov,Center
White House exploring legality of sending U.S. citizens to foreign prisons,white hous look legal send us citizen prison el salvador press secretari karolin leavitt said brief tuesday big pictur presid trump recent threaten send american notori el salvador prison sever deport venezuelan alleg member ms gang one erron deport maryland man held,Lean Left
Trump Wants Sanctions on Law Firms for 'Frivolous' Suits,presid donald trump issu memo author attorney gener secretari homeland secur seek sanction legal firm file lawsuit administr deem frivol spark ire civil right group lawyer law firm engag action violat law unit state rule govern attorney conduct must effici effect held account trump wrote memo releas saturday,Right
23andMe bankruptcy underscores health privacy gaps,demis andm illustr vulner state american health data med tech compani vacuum person inform littl regulatori oversight matter fit tracker well app genet test directtoconsum tool captur person health inform arent subject feder health data privaci law could open door fraud discrimin,Lean Left
"Marco Rubio on Iran, Deportations, and the State Department Shake-Up",tuesday major scoop state depart launch biggest shakeup decad effort spearhead secretari state marco rubio reorgan done help elon musk doge look elimin agenc offic dedic effort like advanc democraci combat extrem also lead state depart elimin hundr posit intend career offici addit top offici ask reduc offic addit percent,Lean Right
‘They are trying to make it unbearable’: Jerusalem Christians face Easter under Israeli crackdown,bell rang across courtyard church holi sepulchr priest began sing deep low prayer head bow candl escort peopl bear aloft larg gold cross made way platform heart ancient squar,Left
